IP Address,MAC Address,Vendor,Model,Hostname,Open Ports,Protocols,ONVIF Status,RTSP Status,Web URL,RTSP URL,ONVIF URL,Subnet,Confidence,Discovery Methods,Last Seen
10.32.57.30,64:9d:99:b0:04:72,Unknown,,,,,not-checked,not-checked,,,,10.32.57.0/24,0%,ARP,2026-05-09T10:12:20.254674
10.32.57.53,70:a7:41:48:e0:aa,Unknown,,,,,not-checked,not-checked,,,,10.32.57.0/24,0%,ARP,2026-05-09T10:12:21.769512
10.32.57.118,9c:88:24:10:00:d7,Unknown,,,,,not-checked,not-checked,,,,10.32.57.0/24,0%,ARP,2026-05-09T10:12:23.286314
192.168.1.1,74:24:9f:5d:f0:aa,Unknown,,,80,HTTP,not-checked,not-checked,http://192.168.1.1/,,,192.168.1.0/24,10%,ARP,2026-05-09T10:12:24.818765
192.168.1.2,3c:1b:f8:da:47:43,Hikvision,,,80;443;554;8000,Hikvision SDK;RTSP;HTTP;HTTPS,not-checked,error,http://192.168.1.2/,,,192.168.1.0/24,80%,ARP,2026-05-09T10:12:26.368733
192.168.1.3,4c:f5:dc:92:20:46,Hikvision,,,80;443;554;8000;8443,Hikvision SDK;RTSP;HTTP;HTTPS,not-checked,error,http://192.168.1.3/,,,192.168.1.0/24,80%,ARP,2026-05-09T10:12:27.885139
192.168.1.4,98:f1:12:db:03:67,Hikvision,,,80;443;554;8000;8443,Hikvision SDK;RTSP;HTTP;HTTPS,not-checked,error,http://192.168.1.4/,,,192.168.1.0/24,80%,ARP,2026-05-09T10:12:29.435778
192.168.1.5,98:f1:12:db:03:6a,Hikvision,,,80;443;554;8000;8443,Hikvision SDK;RTSP;HTTP;HTTPS,not-checked,error,http://192.168.1.5/,,,192.168.1.0/24,80%,ARP,2026-05-09T10:12:30.969293
192.168.1.6,24:28:fd:f2:63:35,Hikvision,,,80;443;554;8000;8443,Hikvision SDK;RTSP;HTTP;HTTPS,not-checked,error,http://192.168.1.6/,,,192.168.1.0/24,80%,ARP,2026-05-09T10:12:32.519159
192.168.1.9,3c:1b:f8:e2:18:b8,Hikvision,,,80;443;554;8000,Hikvision SDK;RTSP;HTTP;HTTPS,not-checked,error,http://192.168.1.9/,,,192.168.1.0/24,80%,ARP,2026-05-09T10:12:34.068986
192.168.1.11,3c:1b:f8:b5:a8:5e,Hikvision,,,80;443;554;8000;8443,Hikvision SDK;RTSP;HTTP;HTTPS,not-checked,error,http://192.168.1.11/,,,192.168.1.0/24,80%,ARP,2026-05-09T10:12:35.618241
192.168.1.14,54:8c:81:a3:29:b6,Hikvision,,,80;443;554;8000;8443,Hikvision SDK;RTSP;HTTP;HTTPS,not-checked,error,http://192.168.1.14/,,,192.168.1.0/24,80%,ARP,2026-05-09T10:12:37.170961
192.168.1.16,3c:1b:f8:cf:71:91,Hikvision,,,80;443;554;8000,Hikvision SDK;RTSP;HTTP;HTTPS,not-checked,error,http://192.168.1.16/,,,192.168.1.0/24,80%,ARP,2026-05-09T10:12:38.750638
192.168.1.17,3c:1b:f8:da:46:f6,Hikvision,,,80;443;554;8000,Hikvision SDK;RTSP;HTTP;HTTPS,not-checked,error,http://192.168.1.17/,,,192.168.1.0/24,80%,ARP,2026-05-09T10:12:40.282519
192.168.1.18,3c:1b:f8:da:46:40,Hikvision,,,80;443;554;8000,Hikvision SDK;RTSP;HTTP;HTTPS,not-checked,error,http://192.168.1.18/,,,192.168.1.0/24,80%,ARP,2026-05-09T10:12:41.817514
192.168.1.19,3c:1b:f8:e2:17:38,Hikvision,,,80;443;554;8000,Hikvision SDK;RTSP;HTTP;HTTPS,not-checked,error,http://192.168.1.19/,,,192.168.1.0/24,80%,ARP,2026-05-09T10:12:43.366577
192.168.1.20,3c:1b:f8:da:46:24,Hikvision,,,80;443;554;8000,Hikvision SDK;RTSP;HTTP;HTTPS,not-checked,error,http://192.168.1.20/,,,192.168.1.0/24,80%,ARP,2026-05-09T10:12:44.884098
192.168.1.21,24:48:45:a8:eb:86,Hikvision,,,80;443;554;8000,Hikvision SDK;RTSP;HTTP;HTTPS,not-checked,error,http://192.168.1.21/,,,192.168.1.0/24,80%,ARP,2026-05-09T10:12:46.450540
192.168.1.22,3c:1b:f8:da:47:f9,Hikvision,,,80;443;554;8000,Hikvision SDK;RTSP;HTTP;HTTPS,not-checked,error,http://192.168.1.22/,,,192.168.1.0/24,80%,ARP,2026-05-09T10:12:47.978389
192.168.1.24,3c:1b:f8:e2:18:38,Hikvision,,,80;443;554;8000,Hikvision SDK;RTSP;HTTP;HTTPS,not-checked,error,http://192.168.1.24/,,,192.168.1.0/24,80%,ARP,2026-05-09T10:12:49.516092
192.168.1.25,3c:1b:f8:e2:18:54,Hikvision,,,80;443;554;8000,Hikvision SDK;RTSP;HTTP;HTTPS,not-checked,error,http://192.168.1.25/,,,192.168.1.0/24,80%,ARP,2026-05-09T10:12:51.052045
192.168.1.26,3c:1b:f8:e2:17:3e,Hikvision,,,80;443;554;8000,Hikvision SDK;RTSP;HTTP;HTTPS,not-checked,error,http://192.168.1.26/,,,192.168.1.0/24,80%,ARP,2026-05-09T10:12:52.631134
192.168.1.27,3c:1b:f8:e2:18:a0,Hikvision,,,80;443;554;8000,Hikvision SDK;RTSP;HTTP;HTTPS,not-checked,error,http://192.168.1.27/,,,192.168.1.0/24,80%,ARP,2026-05-09T10:12:54.166732
192.168.1.28,3c:1b:f8:b5:a8:7a,Hikvision,,,80;443;554;8000;8443,Hikvision SDK;RTSP;HTTP;HTTPS,not-checked,error,http://192.168.1.28/,,,192.168.1.0/24,80%,ARP,2026-05-09T10:12:55.698201
192.168.1.29,3c:1b:f8:b5:a7:a8,Hikvision,,,80;443;554;8000;8443,Hikvision SDK;RTSP;HTTP;HTTPS,not-checked,error,http://192.168.1.29/,,,192.168.1.0/24,80%,ARP,2026-05-09T10:12:57.220672
192.168.1.30,3c:1b:f8:b5:a8:7c,Hikvision,,,80;443;554;8000;8443,Hikvision SDK;RTSP;HTTP;HTTPS,not-checked,error,http://192.168.1.30/,,,192.168.1.0/24,80%,ARP,2026-05-09T10:12:58.749244
192.168.1.31,54:8c:81:a3:29:9d,Hikvision,,,80;443;554;8000;8443,Hikvision SDK;RTSP;HTTP;HTTPS,not-checked,error,http://192.168.1.31/,,,192.168.1.0/24,80%,ARP,2026-05-09T10:13:00.314824
192.168.1.33,24:48:45:a8:eb:b6,Hikvision,,,80;443;554;8000,Hikvision SDK;RTSP;HTTP;HTTPS,not-checked,error,http://192.168.1.33/,,,192.168.1.0/24,80%,ARP,2026-05-09T10:13:01.848984
192.168.1.35,24:48:45:a8:eb:8d,Hikvision,,,80;443;554;8000,Hikvision SDK;RTSP;HTTP;HTTPS,not-checked,error,http://192.168.1.35/,,,192.168.1.0/24,80%,ARP,2026-05-09T10:13:03.380916
192.168.1.36,24:48:45:a8:eb:bc,Hikvision,,,80;443;554;8000,Hikvision SDK;RTSP;HTTP;HTTPS,not-checked,error,http://192.168.1.36/,,,192.168.1.0/24,80%,ARP,2026-05-09T10:13:04.914555
192.168.1.37,3c:1b:f8:e2:18:24,Hikvision,,,80;443;554;8000,Hikvision SDK;RTSP;HTTP;HTTPS,not-checked,error,http://192.168.1.37/,,,192.168.1.0/24,80%,ARP,2026-05-09T10:13:06.481374
192.168.1.39,24:48:45:a8:eb:35,Hikvision,,,80;443;554;8000,Hikvision SDK;RTSP;HTTP;HTTPS,not-checked,error,http://192.168.1.39/,,,192.168.1.0/24,80%,ARP,2026-05-09T10:13:08.031349
192.168.1.41,3c:1b:f8:b5:a8:ab,Hikvision,,,80;443;554;8000;8443,Hikvision SDK;RTSP;HTTP;HTTPS,not-checked,error,http://192.168.1.41/,,,192.168.1.0/24,80%,ARP,2026-05-09T10:13:09.603999
192.168.1.42,24:48:45:a8:eb:68,Hikvision,,,80;443;554;8000,Hikvision SDK;RTSP;HTTP;HTTPS,not-checked,error,http://192.168.1.42/,,,192.168.1.0/24,80%,ARP,2026-05-09T10:13:11.162833
192.168.1.43,3c:1b:f8:da:47:28,Hikvision,,,80;443;554;8000,Hikvision SDK;RTSP;HTTP;HTTPS,not-checked,error,http://192.168.1.43/,,,192.168.1.0/24,80%,ARP,2026-05-09T10:13:12.680632
192.168.1.45,54:8c:81:a3:29:87,Hikvision,,,80;443;554;8000;8443,Hikvision SDK;RTSP;HTTP;HTTPS,not-checked,error,http://192.168.1.45/,,,192.168.1.0/24,80%,ARP,2026-05-09T10:13:14.230580
192.168.1.46,3c:1b:f8:e2:1a:1b,Hikvision,,,80;443;554;8000,Hikvision SDK;RTSP;HTTP;HTTPS,not-checked,error,http://192.168.1.46/,,,192.168.1.0/24,80%,ARP,2026-05-09T10:13:15.764282
192.168.1.47,24:48:45:a8:eb:5c,Hikvision,,,80;443;554;8000,Hikvision SDK;RTSP;HTTP;HTTPS,not-checked,error,http://192.168.1.47/,,,192.168.1.0/24,80%,ARP,2026-05-09T10:13:17.312639
192.168.1.48,24:48:45:a8:eb:7b,Hikvision,,,80;443;554;8000,Hikvision SDK;RTSP;HTTP;HTTPS,not-checked,error,http://192.168.1.48/,,,192.168.1.0/24,80%,ARP,2026-05-09T10:13:18.845502
192.168.1.195,9c:8e:cd:3f:e3:98,Dahua/Amcrest,,,80;554;37777,SSDP/UPnP;RTSP;Dahua SDK;HTTP,not-checked,found,http://192.168.1.195:80/upnp_device_desc.xml,rtsp://192.168.1.195:554/,,192.168.1.0/24,95%,ARP;SSDP,2026-05-09T10:13:23.408679
192.168.1.196,a0:60:32:01:c7:e9,Dahua/Amcrest,,,80;554;37777,SSDP/UPnP;RTSP;Dahua SDK;HTTP,not-checked,found,http://192.168.1.196:80/upnp_device_desc.xml,rtsp://192.168.1.196:554/,,192.168.1.0/24,95%,ARP;SSDP,2026-05-09T10:13:27.981394
192.168.1.197,9c:8e:cd:3f:e3:24,Dahua/Amcrest,,,80;554;37777,SSDP/UPnP;RTSP;Dahua SDK;HTTP,not-checked,found,http://192.168.1.197:80/upnp_device_desc.xml,rtsp://192.168.1.197:554/,,192.168.1.0/24,95%,ARP;SSDP,2026-05-09T10:13:32.555224
192.168.1.198,a0:60:32:01:c6:e8,Dahua/Amcrest,,,80;554;37777,SSDP/UPnP;RTSP;Dahua SDK;HTTP,not-checked,found,http://192.168.1.198:80/upnp_device_desc.xml,rtsp://192.168.1.198:554/,,192.168.1.0/24,95%,ARP;SSDP,2026-05-09T10:13:37.158638
192.168.1.199,a0:60:32:01:c8:b9,Dahua/Amcrest,,,80;554;37777,SSDP/UPnP;RTSP;Dahua SDK;HTTP,not-checked,found,http://192.168.1.199:80/upnp_device_desc.xml,rtsp://192.168.1.199:554/,,192.168.1.0/24,95%,ARP;SSDP,2026-05-09T10:13:41.775664
192.168.1.202,a0:60:32:01:c8:d6,Dahua/Amcrest,,,80;554;37777,SSDP/UPnP;RTSP;Dahua SDK;HTTP,not-checked,found,http://192.168.1.202:80/upnp_device_desc.xml,rtsp://192.168.1.202:554/,,192.168.1.0/24,95%,ARP;SSDP,2026-05-09T10:13:46.311319
192.168.1.203,9c:8e:cd:3f:9c:d4,Dahua/Amcrest,,,80;554;37777,SSDP/UPnP;RTSP;Dahua SDK;HTTP,not-checked,found,http://192.168.1.203:80/upnp_device_desc.xml,rtsp://192.168.1.203:554/,,192.168.1.0/24,95%,ARP;SSDP,2026-05-09T10:13:50.872898
192.168.1.240,fc:9f:fd:20:2e:ae,Hikvision,,,80;443;554;8000;8443,SSDP/UPnP;RTSP;Hikvision SDK;HTTP;HTTPS,not-checked,found,http://192.168.1.240:80/upnpdevicedesc.xml,rtsp://192.168.1.240:554/,,192.168.1.0/24,100%,ARP;SSDP,2026-05-09T10:13:55.409625
192.168.1.242,fc:9f:fd:3c:81:c2,Hikvision,,,80;443;554;8000;8443,SSDP/UPnP;RTSP;Hikvision SDK;HTTP;HTTPS,not-checked,found,http://192.168.1.242:80/upnpdevicedesc.xml,rtsp://192.168.1.242:554/,,192.168.1.0/24,100%,ARP;SSDP,2026-05-09T10:13:59.971209
192.168.2.123,0c:c4:7a:79:1c:9f,Unknown,,,,,not-checked,not-checked,,,,192.168.2.0/24,0%,ARP,2026-05-09T10:14:01.484004
234.5.6.7,01:00:5e:05:06:07,Unknown,,,,,not-checked,not-checked,,,,234.5.6.0/24,0%,ARP,2026-05-09T10:14:01.484004
